TRAVERSED, ELAPSED_TIME, P0, P1, P2

1, 3.7, "0.441671,-0.732740", "0.687277,-0.560467", "0.490795,-0.715114"
