TRAVERSED,ELAPSED_TIME,P0,P1,P2

0, 10, "0.570268,-0.250385,0.000000", "0.293670,-0.366546,0.000000", "0.705214,-0.387586,0.000000"
0, 10, "0.439393,-0.457832,0.000000", "0.731385,-0.388977,0.000000", "0.597031,-0.423114,0.000000"
